52,Delila Husbands,57589 Sachs Pass,New Orleans,Louisiana,70179,5048371326957360
14,Shannan Croisdall,7 Randy Hill,Fort Lauderdale,Florida,33315,5108759008276645
26,Camella Rioch,3 Clove Avenue,Madison,Wisconsin,53790,5048379317173376
49,Diarmid Tichner,4270 Mccormick Place,San Jose,California,95113,5048379903212893
4,Lenore Gowler,6980 Doe Crossing Drive,Sacramento,California,95823,5048370635110406
76,Sarita Lugard,3717 Carberry Crossing,Fort Wayne,Indiana,46857,5108753010231219
25,Chastity Banfield,4919 Norway Maple Way,Frederick,Maryland,21705,5048371913816490
71,Yoko Sprankling,22 Eliot Pass,Seattle,Washington,98109,5108757777978565
62,Bertrando De Cleen,2972 Artisan Plaza,New York City,New York,10203,5048370566124764
39,Ware MacShirie,06 Center Point,Gastonia,North Carolina,28055,5108751250181573
